<?xml version="1.0" encoding="UTF-8"?>
<project-private xmlns="http://www.netbeans.org/ns/project-private/1">
    <editor-bookmarks xmlns="http://www.netbeans.org/ns/editor-bookmarks/2" lastBookmarkId="0"/>
    <open-files xmlns="http://www.netbeans.org/ns/projectui-open-files/2">
        <group>
            <file>file:/C:/Users/Nicol/workspace/exercises/Java/University/PROG%20SIST%20II_A4%20-%20Data%20Access%20Object%20(DAO)%20no%20Java%20EE/Aplicando/src/FuncionarioDAO.java</file>
            <file>file:/C:/Users/Nicol/workspace/exercises/Java/University/PROG%20SIST%20II_A4%20-%20Data%20Access%20Object%20(DAO)%20no%20Java%20EE/Aplicando/src/ConnectionFactory.java</file>
            <file>file:/C:/Users/Nicol/workspace/exercises/Java/University/PROG%20SIST%20II_A4%20-%20Data%20Access%20Object%20(DAO)%20no%20Java%20EE/Aplicando/src/Main.java</file>
        </group>
    </open-files>
</project-private>
