<?xml version="1.0" encoding="UTF-8"?>
<project-private xmlns="http://www.netbeans.org/ns/project-private/1">
    <editor-bookmarks xmlns="http://www.netbeans.org/ns/editor-bookmarks/2" lastBookmarkId="2"/>
    <open-files xmlns="http://www.netbeans.org/ns/projectui-open-files/2">
        <group>
            <file>file:/home/nicolas/Projects/exercises/Java/University/PROG%20SIS%20II/A8%20-%20Desenvolvimento%20de%20aplicações%20SPA%20(Single%20Page%20Application)/empresa/src/java/WS/principal.java</file>
            <file>file:/home/nicolas/Projects/exercises/Java/University/PROG%20SIS%20II/A8%20-%20Desenvolvimento%20de%20aplicações%20SPA%20(Single%20Page%20Application)/empresa/web/index.html</file>
            <file>file:/home/nicolas/Projects/exercises/Java/University/PROG%20SIS%20II/A8%20-%20Desenvolvimento%20de%20aplicações%20SPA%20(Single%20Page%20Application)/empresa/src/java/DAO/FuncionarioDAO.java</file>
            <file>file:/home/nicolas/Projects/exercises/Java/University/PROG%20SIS%20II/A8%20-%20Desenvolvimento%20de%20aplicações%20SPA%20(Single%20Page%20Application)/empresa/src/java/DAO/Funcionario.java</file>
        </group>
    </open-files>
</project-private>
