<?xml version="1.0" encoding="UTF-8"?>
<project-private xmlns="http://www.netbeans.org/ns/project-private/1">
    <editor-bookmarks xmlns="http://www.netbeans.org/ns/editor-bookmarks/2" lastBookmarkId="0"/>
    <open-files xmlns="http://www.netbeans.org/ns/projectui-open-files/2">
        <group>
            <file>file:/G:/Estrutura%20de%20Dados/EAD/Unidade%204/Aula%207/ProjArvore/src/projarvore/ProjArvore.java</file>
            <file>file:/G:/Estrutura%20de%20Dados/EAD/Unidade%204/Aula%207/ProjArvore/src/projarvore/Node.java</file>
            <file>file:/G:/Estrutura%20de%20Dados/EAD/Unidade%204/Aula%207/ProjArvore/src/projarvore/BinaryTree.java</file>
        </group>
    </open-files>
</project-private>
