<?xml version="1.0" encoding="UTF-8"?>
<project-private xmlns="http://www.netbeans.org/ns/project-private/1">
    <editor-bookmarks xmlns="http://www.netbeans.org/ns/editor-bookmarks/2" lastBookmarkId="0"/>
    <open-files xmlns="http://www.netbeans.org/ns/projectui-open-files/2">
        <group>
            <file>file:/D:/Estrutura%20de%20Dados/__EAD/_Novo%20Formato/AULA7/ProjABB/src/projabb/ProjABB.java</file>
            <file>file:/D:/Estrutura%20de%20Dados/__EAD/_Novo%20Formato/AULA7/ProjABB/src/projabb/Node.java</file>
            <file>file:/D:/Estrutura%20de%20Dados/__EAD/_Novo%20Formato/AULA7/ProjABB/src/projabb/ABB.java</file>
        </group>
    </open-files>
</project-private>
